year,month,cpi_u,cpi_u_nsa,cpi_u_core,cpi_u_core_nsa,cpiurs,cpiurs_nsa,cpiurs_core,cpiurs_core_nsa
1947,1,21.48,21.5,NA,NA,36.2827594609835,36.31654229102166,NA,NA
1947,2,21.62,21.5,NA,NA,36.51923927125062,36.31654229102166,NA,NA
1947,3,22,21.9,NA,NA,37.16111305116134,36.992198900928784,NA,NA
1947,4,22,21.9,NA,NA,37.16111305116134,36.992198900928784,NA,NA
1947,5,21.95,21.9,NA,NA,37.07665597604506,36.992198900928784,NA,NA
1947,6,22.08,22,NA,NA,37.29624436971571,37.16111304953559,NA,NA
1947,7,22.23,22.2,NA,NA,37.54961559181239,37.49894134674921,NA,NA
1947,8,22.4,22.5,NA,NA,37.83676964238044,38.00568379256964,NA,NA
1947,9,22.84,23,NA,NA,38.57999191072821,38.85025455108357,NA,NA
1947,10,22.91,23,NA,NA,38.69823181588368,38.85025455108357,NA,NA
1947,11,23.06,23.1,NA,NA,38.95160303960433,39.01916869969038,NA,NA
1947,12,23.41,23.4,NA,NA,39.54280256053027,39.52591114551082,NA,NA
1948,1,23.68,23.7,NA,NA,39.99887076129637,40.03265359133125,NA,NA
1948,2,23.67,23.5,NA,NA,39.98197934943678,39.69482529411763,NA,NA
1948,3,23.5,23.4,NA,NA,39.69482529570531,39.52591114551082,NA,NA
1948,4,23.82,23.8,NA,NA,40.23535058546451,40.20156775541794,NA,NA
1948,5,24.01,23.9,NA,NA,40.556287469273414,40.37048190402476,NA,NA
1948,6,24.15,24.1,NA,NA,40.79276727634468,40.708310201238376,NA,NA
1948,7,24.4,24.4,NA,NA,41.21505264705881,41.21505264705881,NA,NA
1948,8,24.43,24.5,NA,NA,41.26572689053515,41.38396679566562,NA,NA
1948,9,24.36,24.5,NA,NA,41.14748698540467,41.38396679566562,NA,NA
1948,10,24.31,24.4,NA,NA,41.06302991188524,41.21505264705881,NA,NA
1948,11,24.16,24.2,NA,NA,40.8096586897628,40.877224349845186,NA,NA
1948,12,24.05,24.1,NA,NA,40.62385312613207,40.708310201238376,NA,NA
1949,1,24.01,24,NA,NA,40.556287467653505,40.539396052631574,NA,NA
1949,2,23.91,23.8,NA,NA,40.38737332067408,40.20156775541795,NA,NA
1949,3,23.91,23.8,NA,NA,40.38737332067408,40.20156775541795,NA,NA
1949,4,23.92,23.9,NA,NA,40.40426473406998,40.370481904024764,NA,NA
1949,5,23.91,23.8,NA,NA,40.38737332067408,40.20156775541795,NA,NA
1949,6,23.92,23.9,NA,NA,40.40426473406998,40.370481904024764,NA,NA
1949,7,23.7,23.7,NA,NA,40.03265359133126,40.03265359133126,NA,NA
1949,8,23.7,23.8,NA,NA,40.0326536051851,40.20156775541795,NA,NA
1949,9,23.75,23.9,NA,NA,40.1171106786857,40.370481904024764,NA,NA
1949,10,23.67,23.7,NA,NA,39.98197934627895,40.03265359133126,NA,NA
1949,11,23.7,23.8,NA,NA,40.0326536051851,40.20156775541795,NA,NA
1949,12,23.61,23.6,NA,NA,39.88063085774255,39.86373944272445,NA,NA
1950,1,23.51,23.5,NA,NA,39.71171670913642,39.69482529411764,NA,NA
1950,2,23.61,23.5,NA,NA,39.88063085932415,39.69482529411764,NA,NA
1950,3,23.64,23.6,NA,NA,39.93130510279687,39.86373944272446,NA,NA
1950,4,23.65,23.6,NA,NA,39.94819651781497,39.86373944272446,NA,NA
1950,5,23.77,23.7,NA,NA,40.150893496453335,40.03265359133126,NA,NA
1950,6,23.88,23.8,NA,NA,40.33669907560422,40.20156775541795,NA,NA
1950,7,24.07,24.1,NA,NA,40.657635956174595,40.708310201238376,NA,NA
1950,8,24.2,24.3,NA,NA,40.87722434825261,41.046138498452,NA,NA
1950,9,24.34,24.4,NA,NA,41.11370415694309,41.21505264705881,NA,NA
1950,10,24.5,24.6,NA,NA,41.38396679409246,41.55288094427243,NA,NA
1950,11,24.6,24.7,NA,NA,41.552880958122856,41.721795108359125,NA,NA
1950,12,24.98,25,NA,NA,42.19475472413622,42.22853755417956,NA,NA
1951,1,25.38,25.4,NA,NA,42.87041131856853,42.904194148606805,NA,NA
1951,2,25.83,25.7,NA,NA,43.63052500521014,43.41093660990711,NA,NA
1951,3,25.88,25.8,NA,NA,43.71498207869536,43.57985075851392,NA,NA
1951,4,25.92,25.8,NA,NA,43.78254773878608,43.57985075851392,NA,NA
1951,5,25.99,25.9,NA,NA,43.90078764231922,43.74876490712074,NA,NA
1951,6,25.93,25.9,NA,NA,43.7994391521869,43.74876490712074,NA,NA
1951,7,25.91,25.9,NA,NA,43.765656322142796,43.74876490712074,NA,NA
1951,8,25.86,25.9,NA,NA,43.681199247032524,43.74876490712074,NA,NA
1951,9,26.03,26.1,NA,NA,43.968353299188635,44.08659320433436,NA,NA
1951,10,26.16,26.2,NA,NA,44.18794169286034,44.25550735294117,NA,NA
1951,11,26.32,26.4,NA,NA,44.458204330002815,44.5933356501548,NA,NA
1951,12,26.47,26.5,NA,NA,44.7115755537064,44.76224979876161,NA,NA
1952,1,26.45,26.5,NA,NA,44.677792723669604,44.76224979876161,NA,NA
1952,2,26.41,26.3,NA,NA,44.610227066763585,44.42442150154798,NA,NA
1952,3,26.39,26.3,NA,NA,44.576444236724384,44.42442150154798,NA,NA
1952,4,26.46,26.4,NA,NA,44.694684140268784,44.59333565015479,NA,NA
1952,5,26.47,26.4,NA,NA,44.71157555528778,44.59333565015479,NA,NA
1952,6,26.53,26.5,NA,NA,44.81292404381681,44.7622497987616,NA,NA
1952,7,26.68,26.7,NA,NA,45.06629528140906,45.1000781114551,NA,NA
1952,8,26.69,26.7,NA,NA,45.08318669643208,45.1000781114551,NA,NA
1952,9,26.63,26.7,NA,NA,44.98183820629398,45.1000781114551,NA,NA
1952,10,26.69,26.7,NA,NA,45.08318669643208,45.1000781114551,NA,NA
1952,11,26.69,26.7,NA,NA,45.08318669643208,45.1000781114551,NA,NA
1952,12,26.71,26.7,NA,NA,45.116969526478115,45.1000781114551,NA,NA
1953,1,26.64,26.6,NA,NA,44.99872960743965,44.93116394736842,NA,NA
1953,2,26.59,26.5,NA,NA,44.91427253392721,44.76224979876161,NA,NA
1953,3,26.63,26.6,NA,NA,44.98183819242185,44.931163947368425,NA,NA
1953,4,26.69,26.6,NA,NA,45.08318668252869,44.931163947368425,NA,NA
1953,5,26.7,26.7,NA,NA,45.100078111455105,45.100078111455105,NA,NA
1953,6,26.77,26.8,NA,NA,45.21831801499468,45.268992260061914,NA,NA
1953,7,26.79,26.8,NA,NA,45.2521008450395,45.268992260061914,NA,NA
1953,8,26.85,26.9,NA,NA,45.35344933355968,45.437906408668724,NA,NA
1953,9,26.89,26.9,NA,NA,45.42101499364692,45.437906408668724,NA,NA
1953,10,26.95,27,NA,NA,45.52236348216947,45.60682055727553,NA,NA
1953,11,26.85,26.9,NA,NA,45.35344933355969,45.43790640866873,NA,NA
1953,12,26.87,26.9,NA,NA,45.3872321636033,45.43790640866873,NA,NA
1954,1,26.94,26.9,NA,NA,45.50547206875597,45.43790640866873,NA,NA
1954,2,26.99,26.9,NA,NA,45.58992914386502,45.43790640866873,NA,NA
1954,3,26.93,26.9,NA,NA,45.48858065373416,45.43790640866873,NA,NA
1954,4,26.86,26.8,NA,NA,45.370340750196384,45.26899226006192,NA,NA
1954,5,26.93,26.9,NA,NA,45.48858065373416,45.43790640866873,NA,NA
1954,6,26.94,26.9,NA,NA,45.50547206875597,45.43790640866873,NA,NA
1954,7,26.86,26.9,NA,NA,45.3703407485815,45.43790640866873,NA,NA
1954,8,26.85,26.9,NA,NA,45.35344933355969,45.43790640866873,NA,NA
1954,9,26.81,26.8,NA,NA,45.28588367508433,45.26899226006192,NA,NA
1954,10,26.72,26.8,NA,NA,45.13386093988263,45.26899226006192,NA,NA
1954,11,26.78,26.8,NA,NA,45.2352094300171,45.26899226006192,NA,NA
1954,12,26.77,26.7,NA,NA,45.21831801661623,45.10007811145511,NA,NA
1955,1,26.77,26.7,NA,NA,45.21831801661623,45.10007811145511,NA,NA
1955,2,26.82,26.7,NA,NA,45.30277509173131,45.10007811145511,NA,NA
1955,3,26.79,26.7,NA,NA,45.252100846662266,45.10007811145511,NA,NA
1955,4,26.79,26.7,NA,NA,45.252100846662266,45.10007811145511,NA,NA
1955,5,26.77,26.7,NA,NA,45.21831801661623,45.10007811145511,NA,NA
1955,6,26.71,26.7,NA,NA,45.11696952647813,45.10007811145511,NA,NA
1955,7,26.76,26.8,NA,NA,45.20142659997228,45.26899226006192,NA,NA
1955,8,26.72,26.8,NA,NA,45.13386093988263,45.26899226006192,NA,NA
1955,9,26.85,26.9,NA,NA,45.35344933355969,45.43790640866873,NA,NA
1955,10,26.82,26.9,NA,NA,45.30277508849425,45.43790640866873,NA,NA
1955,11,26.88,26.9,NA,NA,45.40412357862511,45.43790640866873,NA,NA
1955,12,26.87,26.8,NA,NA,45.3872321652188,45.26899226006192,NA,NA
1956,1,26.83,26.8,NA,NA,45.31966650512915,45.26899226006192,NA,NA
1956,2,26.86,26.8,NA,NA,45.370340750196384,45.26899226006192,NA,NA
1956,3,26.89,26.8,NA,NA,45.42101499526362,45.26899226006192,NA,NA
1956,4,26.93,26.9,NA,NA,45.48858065373416,45.43790640866873,NA,NA
1956,5,27.03,27,NA,NA,45.65749480233918,45.60682055727554,NA,NA
1956,6,27.15,27.2,NA,NA,45.860191779389,45.94464885448917,NA,NA
1956,7,27.29,27.4,NA,NA,46.09667158649523,46.28247715170279,NA,NA
1956,8,27.31,27.3,NA,NA,46.13045441811543,46.11356300309598,NA,NA
1956,9,27.35,27.4,NA,NA,46.19802007660845,46.28247715170279,NA,NA
1956,10,27.51,27.5,NA,NA,46.468282715327895,46.451391300309595,NA,NA
1956,11,27.51,27.5,NA,NA,46.468282715327895,46.451391300309595,NA,NA
1956,12,27.63,27.6,NA,NA,46.67097970946627,46.62030546439628,NA,NA
1957,1,27.67,27.6,28.5,28.5,46.7385453695596,46.62030546439628,NA,NA
1957,2,27.8,27.7,28.6,28.5,46.95813376323055,46.7892196130031,NA,NA
1957,3,27.86,27.8,28.7,28.7,47.059482251742885,46.958133761609915,NA,NA
1957,4,27.93,27.9,28.8,28.8,47.17772215528148,47.127047910216724,NA,NA
1957,5,28,28,28.8,28.8,47.29596205882354,47.29596205882354,NA,NA
1957,6,28.11,28.1,28.9,28.9,47.48176762245079,47.46487620743035,NA,NA
1957,7,28.19,28.3,29,28.9,47.61689893943157,47.80270450464397,NA,NA
1957,8,28.28,28.3,29,29,47.76892167460536,47.80270450464397,NA,NA
1957,9,28.32,28.3,29.1,29.1,47.83648733468259,47.80270450464397,NA,NA
1957,10,28.32,28.3,29.2,29.2,47.83648733468259,47.80270450464397,NA,NA
1957,11,28.41,28.4,29.3,29.4,47.98851006826953,47.97161865325078,NA,NA
1957,12,28.47,28.4,29.3,29.4,48.089858558382026,47.97161865325078,NA,NA
1958,1,28.64,28.6,29.3,29.4,48.37701262603651,48.30944696594428,NA,NA
1958,2,28.7,28.6,29.4,29.4,48.47836111617485,48.30944696594428,NA,NA
1958,3,28.87,28.8,29.5,29.5,48.76551516831141,48.6472752631579,NA,NA
1958,4,28.94,28.9,29.5,29.5,48.8837550718502,48.81618941176471,NA,NA
1958,5,28.94,28.9,29.5,29.5,48.8837550718502,48.81618941176471,NA,NA
1958,6,28.91,28.9,29.6,29.5,48.83308082678608,48.81618941176471,NA,NA
1958,7,28.89,29,29.6,29.6,48.79929799514253,48.98510356037153,NA,NA
1958,8,28.94,28.9,29.6,29.6,48.8837550718502,48.81618941176471,NA,NA
1958,9,28.91,28.9,29.7,29.6,48.83308082678608,48.81618941176471,NA,NA
1958,10,28.91,28.9,29.7,29.7,48.83308082678608,48.81618941176471,NA,NA
1958,11,28.95,29,29.8,29.9,48.90064648526744,48.98510356037153,NA,NA
1958,12,28.97,28.9,29.9,29.9,48.93442931691431,48.81618941176471,NA,NA
1959,1,29.01,29,29.9,29.9,49.00199497539235,48.98510356037153,NA,NA
1959,2,29,28.9,29.9,29.9,48.985103561978434,48.81618941176471,NA,NA
1959,3,28.97,28.9,30,30,48.93442931691431,48.81618941176471,NA,NA
1959,4,28.98,29,30,30,48.9513207303299,48.98510356037153,NA,NA
1959,5,29.04,29,30.1,30.1,49.052669220454796,48.98510356037153,NA,NA
1959,6,29.11,29.1,30.2,30.1,49.1709091239986,49.15401770897833,NA,NA
1959,7,29.15,29.2,30.2,30.2,49.23847478248654,49.32293185758515,NA,NA
1959,8,29.18,29.2,30.2,30.2,49.289149027545704,49.32293185758515,NA,NA
1959,9,29.25,29.3,30.3,30.3,49.40738893109606,49.491846006191956,NA,NA
1959,10,29.35,29.4,30.4,30.5,49.57630307970558,49.66076015479877,NA,NA
1959,11,29.35,29.4,30.4,30.5,49.57630307970558,49.66076015479877,NA,NA
1959,12,29.41,29.4,30.5,30.5,49.677651569817414,49.66076015479877,NA,NA
1960,1,29.37,29.3,30.5,30.5,49.6100859113262,49.491846006191956,NA,NA
1960,2,29.41,29.4,30.6,30.6,49.677651569817414,49.66076015479877,NA,NA
1960,3,29.41,29.4,30.6,30.6,49.677651569817414,49.66076015479877,NA,NA
1960,4,29.54,29.5,30.6,30.6,49.89723996347799,49.829674303405575,NA,NA
1960,5,29.57,29.5,30.6,30.6,49.947914208532296,49.829674303405575,NA,NA
1960,6,29.61,29.6,30.7,30.6,50.015479882515066,49.99858846749227,NA,NA
1960,7,29.55,29.6,30.6,30.6,49.91413139237826,49.99858846749227,NA,NA
1960,8,29.61,29.6,30.6,30.6,50.015479882515066,49.99858846749227,NA,NA
1960,9,29.61,29.6,30.6,30.6,50.015479882515066,49.99858846749227,NA,NA
1960,10,29.75,29.8,30.8,30.8,50.251959689597314,50.33641676470588,NA,NA
1960,11,29.78,29.8,30.8,30.8,50.30263393466245,50.33641676470588,NA,NA
1960,12,29.81,29.8,30.7,30.8,50.35330817972759,50.33641676470588,NA,NA
1961,1,29.84,29.8,30.8,30.8,50.40398242479273,50.33641676470588,NA,NA
1961,2,29.84,29.8,30.8,30.8,50.40398242479273,50.33641676470588,NA,NA
1961,3,29.84,29.8,30.9,30.8,50.40398242479273,50.33641676470588,NA,NA
1961,4,29.81,29.8,30.9,30.9,50.35330817972759,50.33641676470588,NA,NA
1961,5,29.84,29.8,30.9,30.9,50.40398242479273,50.33641676470588,NA,NA
1961,6,29.84,29.8,31,30.9,50.40398242479273,50.33641676470588,NA,NA
1961,7,29.92,30,31,31,50.53911374175439,50.67424506191951,NA,NA
1961,8,29.94,29.9,31.1,31,50.572896573397415,50.505330913312704,NA,NA
1961,9,29.98,30,31.1,31.1,50.64046223187824,50.674245061919514,NA,NA
1961,10,29.98,30,31.1,31.2,50.64046223187824,50.674245061919514,NA,NA
1961,11,29.98,30,31.2,31.2,50.64046223187824,50.674245061919514,NA,NA
1961,12,30.01,30,31.2,31.2,50.69113647694016,50.674245061919514,NA,NA
1962,1,30.04,30,31.2,31.2,50.74181072200208,50.674245061919514,NA,NA
1962,2,30.11,30.1,31.2,31.2,50.860050625546435,50.84315921052633,NA,NA
1962,3,30.17,30.1,31.3,31.3,50.96139911566709,50.84315921052633,NA,NA
1962,4,30.21,30.2,31.3,31.3,51.02896477415272,51.01207335913314,NA,NA
1962,5,30.24,30.2,31.4,31.4,51.07963901921146,51.01207335913314,NA,NA
1962,6,30.21,30.2,31.4,31.4,51.02896477415272,51.01207335913314,NA,NA
1962,7,30.22,30.3,31.4,31.4,51.045856187587496,51.18098750773994,NA,NA
1962,8,30.28,30.3,31.5,31.4,51.147204677701836,51.18098750773994,NA,NA
1962,9,30.42,30.4,31.5,31.5,51.383684486383835,51.34990165634676,NA,NA
1962,10,30.38,30.4,31.5,31.6,51.31611882630969,51.34990165634676,NA,NA
1962,11,30.38,30.4,31.5,31.6,51.31611882630969,51.34990165634676,NA,NA
1962,12,30.38,30.4,31.6,31.6,51.31611882630969,51.34990165634676,NA,NA
1963,1,30.44,30.4,31.5,31.5,51.417467316420904,51.34990165634676,NA,NA
1963,2,30.48,30.4,31.6,31.5,51.48503297649504,51.34990165634676,NA,NA
1963,3,30.51,30.5,31.7,31.6,51.535707235456535,51.51881582043344,NA,NA
1963,4,30.48,30.5,31.7,31.7,51.485032990387246,51.51881582043344,NA,NA
1963,5,30.51,30.5,31.7,31.7,51.535707235456535,51.51881582043344,NA,NA
1963,6,30.61,30.6,31.8,31.8,51.704621384062804,51.68772996904024,NA,NA
1963,7,30.69,30.7,31.8,31.8,51.83975270262503,51.85664411764706,NA,NA
1963,8,30.75,30.7,31.9,31.9,51.94110119275724,51.85664411764706,NA,NA
1963,9,30.72,30.7,31.9,31.9,51.890426947691125,51.85664411764706,NA,NA
1963,10,30.75,30.8,32,32,51.94110119114631,52.02555826625387,NA,NA
1963,11,30.78,30.8,32,32.1,51.99177543621085,52.02555826625387,NA,NA
1963,12,30.88,30.9,32.1,32.1,52.160689584818705,52.194472414860684,NA,NA
1964,1,30.94,30.9,32.2,32.1,52.262038074944655,52.194472414860684,NA,NA
1964,2,30.91,30.9,32.2,32.1,52.21136382988168,52.194472414860684,NA,NA
1964,3,30.94,30.9,32.2,32.2,52.262038074944655,52.194472414860684,NA,NA
1964,4,30.95,30.9,32.2,32.2,52.278929489965634,52.194472414860684,NA,NA
1964,5,30.98,30.9,32.2,32.2,52.329603735028606,52.194472414860684,NA,NA
1964,6,31.01,31,32.3,32.3,52.380277978487975,52.36338656346749,NA,NA
1964,7,31.02,31.1,32.3,32.3,52.39716939191461,52.532300712074296,NA,NA
1964,8,31.05,31,32.3,32.2,52.44784363856985,52.363386563467486,NA,NA
1964,9,31.08,31.1,32.3,32.3,52.49851788203436,52.53230071207429,NA,NA
1964,10,31.12,31.1,32.4,32.4,52.56608354211421,52.53230071207429,NA,NA
1964,11,31.21,31.2,32.5,32.5,52.718106275700556,52.701214860681105,NA,NA
1964,12,31.25,31.2,32.5,32.5,52.785671935778346,52.701214860681105,NA,NA
1965,1,31.28,31.2,32.6,32.6,52.8363461808367,52.701214860681105,NA,NA
1965,2,31.28,31.2,32.6,32.6,52.8363461808367,52.701214860681105,NA,NA
1965,3,31.31,31.3,32.6,32.6,52.887020424306854,52.870129009287915,NA,NA
1965,4,31.38,31.4,32.7,32.7,53.005260327857854,53.03904315789473,NA,NA
1965,5,31.48,31.4,32.7,32.7,53.17417447804224,53.03904315789473,NA,NA
1965,6,31.61,31.6,32.7,32.7,53.393762885610556,53.37687147058822,NA,NA
1965,7,31.58,31.6,32.7,32.7,53.343088640543534,53.37687147058822,NA,NA
1965,8,31.55,31.6,32.7,32.7,53.29241439547653,53.37687147058822,NA,NA
1965,9,31.62,31.6,32.8,32.8,53.4106543006329,53.37687147058822,NA,NA
1965,10,31.65,31.7,32.8,32.9,53.461328544085895,53.54578561919504,NA,NA
1965,11,31.75,31.7,32.9,32.9,53.63024269430418,53.54578561919504,NA,NA
1965,12,31.85,31.8,33,33,53.799156842908445,53.71469976780184,NA,NA
1966,1,31.88,31.8,33,32.9,53.849831087972404,53.71469976780184,NA,NA
1966,2,32.08,32,33.1,33,54.187659385178,54.052528065015466,NA,NA
1966,3,32.18,32.1,33.1,33.1,54.35657353378083,54.221442213622275,NA,NA
1966,4,32.28,32.3,33.3,33.3,54.525487680798236,54.5592705108359,NA,NA
1966,5,32.35,32.3,33.4,33.4,54.64372758593009,54.5592705108359,NA,NA
1966,6,32.38,32.4,33.5,33.5,54.69440182940602,54.728184659442704,NA,NA
1966,7,32.45,32.5,33.6,33.6,54.812641748416276,54.8970988235294,NA,NA
1966,8,32.65,32.7,33.7,33.7,55.15047004563483,55.23492712074301,NA,NA
1966,9,32.75,32.7,33.8,33.8,55.31938419585118,55.23492712074301,NA,NA
1966,10,32.85,32.9,34,34,55.48829834285336,55.572755417956635,NA,NA
1966,11,32.88,32.9,34,34.1,55.53897258791533,55.572755417956635,NA,NA
1966,12,32.92,32.9,34.1,34.1,55.60653824799795,55.572755417956635,NA,NA
1967,1,32.9,32.9,34.2,34.1,55.572755417956635,55.572755417956635,NA,NA
1967,2,33,32.9,34.2,34.2,55.74166956816319,55.572755417956635,NA,NA
1967,3,33,33,34.3,34.3,55.72755417956654,55.72755417956654,NA,NA
1967,4,33.1,33.1,34.4,34.4,55.72755417956654,55.72755417956654,NA,NA
1967,5,33.1,33.2,34.5,34.5,55.86836510127194,56.03715170278636,NA,NA
1967,6,33.3,33.3,34.6,34.6,56.19195046439626,56.19195046439626,NA,NA
1967,7,33.4,33.4,34.7,34.7,56.34674922600616,56.34674922600616,NA,NA
1967,8,33.5,33.5,34.9,34.8,56.501547987616064,56.501547987616064,NA,NA
1967,9,33.6,33.6,35,35,56.656346749225975,56.656346749225975,NA,NA
1967,10,33.7,33.7,35.1,35.2,56.811145510835885,56.811145510835885,NA,NA
1967,11,33.9,33.8,35.2,35.3,57.13448256910982,56.96594427244578,NA,NA
1967,12,34,33.9,35.4,35.4,57.289240801117806,57.12074303405569,NA,NA
1968,1,34.1,34.1,35.5,35.5,57.2755417956656,57.2755417956656,NA,NA
1968,2,34.2,34.2,35.7,35.6,57.430340557275514,57.430340557275514,NA,NA
1968,3,34.3,34.3,35.8,35.8,57.73993808049532,57.73993808049532,NA,NA
1968,4,34.4,34.4,35.9,35.9,57.89473684210523,57.89473684210523,NA,NA
1968,5,34.5,34.5,36,36,58.04953560371514,58.04953560371514,NA,NA
1968,6,34.7,34.7,36.2,36.2,58.20433436532505,58.20433436532505,NA,NA
1968,7,34.9,34.9,36.4,36.4,58.51393188854486,58.51393188854486,NA,NA
1968,8,35,35,36.5,36.5,58.66873065015477,58.66873065015477,NA,NA
1968,9,35.1,35.1,36.7,36.7,58.82352941176469,58.82352941176468,NA,NA
1968,10,35.3,35.3,36.9,36.9,59.1331269349845,59.133126934984496,NA,NA
1968,11,35.4,35.4,37.1,37.1,59.2879256965944,59.2879256965944,NA,NA
1968,12,35.6,35.5,37.2,37.2,59.45493393799327,59.2879256965944,NA,NA
1969,1,35.7,35.6,37.3,37.3,59.60969840331163,59.44272445820431,NA,NA
1969,2,35.8,35.8,37.6,37.5,59.752321981424124,59.752321981424124,NA,NA
1969,3,36.1,36.1,37.8,37.8,60.06191950464393,60.06191950464393,NA,NA
1969,4,36.3,36.3,38.1,38.1,60.37151702786375,60.37151702786375,NA,NA
1969,5,36.4,36.4,38.1,38.2,60.526315789473664,60.526315789473664,NA,NA
1969,6,36.6,36.6,38.3,38.3,60.990712074303374,60.99071207430338,NA,NA
1969,7,36.8,36.8,38.5,38.5,61.14551083591329,61.14551083591329,NA,NA
1969,8,36.9,37,38.7,38.6,61.13463308509746,61.3003095975232,NA,NA
1969,9,37.1,37.1,38.9,38.9,61.60990712074301,61.60990712074301,NA,NA
1969,10,37.3,37.3,39.1,39.1,61.76470588235293,61.76470588235292,NA,NA
1969,11,37.5,37.5,39.2,39.3,62.07430340557273,62.074303405572735,NA,NA
1969,12,37.7,37.7,39.4,39.5,62.38390092879254,62.38390092879254,NA,NA
1970,1,37.9,37.8,39.6,39.6,62.70414598587971,62.53869969040245,NA,NA
1970,2,38.1,38,39.8,39.8,63.013687469447596,62.848297213622274,NA,NA
1970,3,38.3,38.2,40.1,40.1,63.16802554584797,63.003095975232185,NA,NA
1970,4,38.5,38.5,40.4,40.3,63.467492260061896,63.4674922600619,NA,NA
1970,5,38.6,38.6,40.5,40.5,63.622291021671806,63.622291021671806,NA,NA
1970,6,38.8,38.8,40.8,40.8,63.77708978328171,63.77708978328171,NA,NA
1970,7,38.9,39,40.9,40.9,63.922362467254075,64.08668730650152,NA,NA
1970,8,39,39,41.1,41,64.24148606811143,64.24148606811143,NA,NA
1970,9,39.2,39.2,41.3,41.3,64.39628482972134,64.39628482972134,NA,NA
1970,10,39.4,39.4,41.5,41.6,64.70588235294115,64.70588235294115,NA,NA
1970,11,39.6,39.6,41.8,41.9,65.01547987616097,65.01547987616097,NA,NA
1970,12,39.8,39.8,42,42.1,65.32507739938079,65.32507739938079,NA,NA
1971,1,39.9,39.8,42.1,42.1,65.48921075968074,65.32507739938079,NA,NA
1971,2,39.9,39.9,42.2,42.1,65.6346749226006,65.6346749226006,NA,NA
1971,3,40,40,42.2,42.2,65.94427244582042,65.94427244582042,NA,NA
1971,4,40.1,40.1,42.4,42.3,66.25386996904022,66.25386996904022,NA,NA
1971,5,40.3,40.3,42.6,42.6,66.56346749226005,66.56346749226005,NA,NA
1971,6,40.5,40.6,42.8,42.8,66.7083530326831,66.87306501547987,NA,NA
1971,7,40.6,40.7,42.9,42.9,66.86317615110183,67.02786377708976,NA,NA
1971,8,40.7,40.8,43,42.9,66.86357979724396,67.02786377708976,NA,NA
1971,9,40.8,40.8,43,43.1,67.18266253869967,67.18266253869967,NA,NA
1971,10,40.9,40.9,43.1,43.2,67.33746130030958,67.33746130030958,NA,NA
1971,11,41,40.9,43.2,43.3,67.50210056999249,67.33746130030958,NA,NA
1971,12,41.1,41.1,43.3,43.4,67.4922600619195,67.4922600619195,NA,NA
1972,1,41.2,41.1,43.5,43.4,67.81165020752826,67.6470588235294,NA,NA
1972,2,41.4,41.3,43.6,43.5,68.12120030884788,67.95665634674921,NA,NA
1972,3,41.4,41.4,43.6,43.6,68.11145510835912,68.11145510835912,NA,NA
1972,4,41.5,41.5,43.8,43.7,68.26625386996903,68.26625386996903,NA,NA
1972,5,41.6,41.6,43.9,43.9,68.42105263157895,68.42105263157895,NA,NA
1972,6,41.7,41.7,44,44,68.73065015479875,68.73065015479875,NA,NA
1972,7,41.8,41.9,44.1,44.1,68.56661519022883,68.73065015479875,NA,NA
1972,8,41.9,42,44.3,44.3,68.72143594279817,68.88544891640866,NA,NA
1972,9,42.1,42.1,44.3,44.3,69.19504643962848,69.19504643962848,NA,NA
1972,10,42.2,42.3,44.4,44.5,69.18589757664917,69.34984520123838,NA,NA
1972,11,42.4,42.4,44.4,44.6,69.6594427244582,69.6594427244582,NA,NA
1972,12,42.5,42.5,44.6,44.7,69.81424148606811,69.81424148606811,NA,NA
1973,1,42.7,42.6,44.6,44.6,70.28844896001395,70.12383900928792,NA,NA
1973,2,43,42.9,44.8,44.7,70.75277663512958,70.58823529411765,NA,NA
1973,3,43.4,43.3,45,44.9,71.52703794535927,71.36222910216719,NA,NA
1973,4,43.7,43.6,45.1,45.1,71.99136535348086,71.82662538699691,NA,NA
1973,5,43.9,43.9,45.3,45.3,72.29102167182664,72.29102167182664,NA,NA
1973,6,44.2,44.2,45.4,45.4,72.75541795665636,72.75541795665636,NA,NA
1973,7,44.2,44.3,45.5,45.5,72.74563383628373,72.91021671826627,NA,NA
1973,8,45,45.1,45.7,45.7,73.98419748340463,74.14860681114553,NA,NA
1973,9,45.2,45.2,46,46,74.30340557275544,74.30340557275544,NA,NA
1973,10,45.6,45.6,46.3,46.4,74.76780185758516,74.76780185758516,NA,NA
1973,11,45.9,45.9,46.5,46.6,75.23219814241489,75.23219814241489,NA,NA
1973,12,46.3,46.2,46.7,46.8,75.86043986972781,75.6965944272446,NA,NA
1974,1,46.8,46.6,46.9,46.8,76.6433250508245,76.31578947368423,NA,NA
1974,2,47.3,47.2,47.2,47.1,77.56336254394712,77.39938080495358,NA,NA
1974,3,47.8,47.8,47.6,47.5,78.17337461300312,78.17337461300312,NA,NA
1974,4,48.1,48,47.9,47.9,78.80159958720333,78.63777089783284,NA,NA
1974,5,48.6,48.6,48.5,48.4,79.41176470588238,79.41176470588238,NA,NA
1974,6,49,49,49,49,80.030959752322,80.030959752322,NA,NA
1974,7,49.3,49.4,49.5,49.5,80.33240997229919,80.49535603715172,NA,NA
1974,8,49.9,50,50.2,50.1,81.26130030959753,81.42414860681116,NA,NA
1974,9,50.6,50.6,50.7,50.7,82.35294117647061,82.3529411764706,NA,NA
1974,10,51,51.1,51.2,51.3,82.80976413636833,82.97213622291022,NA,NA
1974,11,51.5,51.5,51.6,51.8,83.59133126934985,83.59133126934985,NA,NA
1974,12,51.9,51.9,52,52,84.05572755417957,84.05572755417957,NA,NA
1975,1,52.3,52.1,52.3,52.2,84.6891842907483,84.36532507739938,NA,NA
1975,2,52.6,52.5,52.8,52.6,84.99130178387144,84.8297213622291,NA,NA
1975,3,52.8,52.7,53,52.9,85.30087357024102,85.13931888544892,NA,NA
1975,4,53,52.9,53.3,53.3,85.76553693808636,85.60371517027863,NA,NA
1975,5,53.1,53.2,53.5,53.5,85.75182150422495,85.91331269349845,NA,NA
1975,6,53.5,53.6,53.8,53.7,86.5255764521048,86.687306501548,NA,NA
1975,7,54,54.2,54,54,87.13856488410084,87.46130030959753,NA,NA
1975,8,54.2,54.3,54.2,54.2,87.76377081801027,87.92569659442725,NA,NA
1975,9,54.6,54.6,54.5,54.6,88.23529411764707,88.23529411764707,NA,NA
1975,10,54.9,54.9,54.8,54.9,88.69969040247679,88.69969040247679,NA,NA
1975,11,55.3,55.3,55.2,55.3,89.16408668730651,89.16408668730651,NA,NA
1975,12,55.6,55.5,55.5,55.5,89.78997573424817,89.62848297213623,NA,NA
1976,1,55.8,55.6,55.9,55.7,90.10624317883155,89.78328173374614,NA,NA
1976,2,55.9,55.8,56.2,56,90.2543360298279,90.09287925696596,NA,NA
1976,3,56,55.9,56.5,56.4,90.56419856333457,90.40247678018576,NA,NA
1976,4,56.1,56.1,56.7,56.7,90.71207430340559,90.71207430340559,NA,NA
1976,5,56.4,56.5,57,57,91.1696210855092,91.33126934984521,NA,NA
1976,6,56.7,56.8,57.2,57.2,91.63405354728994,91.79566563467493,NA,NA
1976,7,57,57.1,57.6,57.6,92.09848562892759,92.26006191950466,NA,NA
1976,8,57.3,57.4,57.9,57.9,92.56291733638258,92.72445820433438,NA,NA
1976,9,57.6,57.6,58.2,58.3,93.03405572755419,93.03405572755419,NA,NA
1976,10,57.9,57.9,58.5,58.6,93.49845201238391,93.49845201238391,NA,NA
1976,11,58.1,58,58.7,58.9,93.96978755204444,93.80804953560373,NA,NA
1976,12,58.4,58.2,58.9,58.9,94.44107539923186,94.11764705882354,NA,NA
1977,1,58.7,58.5,59.3,59.2,95.06072874493928,94.73684210526318,94.0711211585245,NA
1977,2,59.3,59.1,59.7,59.5,95.98937624742658,95.66563467492261,94.5883544161127,NA
1977,3,59.6,59.5,60,59.9,96.29159403699562,96.13003095975233,95.1090161446014,NA
1977,4,60,60,60.3,60.3,96.90402476780187,96.90402476780187,95.6331316338257,NA
1977,5,60.2,60.3,60.6,60.6,97.20694771755261,97.36842105263159,96.1607263767603,NA
1977,6,60.5,60.7,61,61,97.66475739693259,97.98761609907122,96.6918260712681,NA
1977,7,60.8,61,61.2,61.2,97.97492767598844,98.29721362229104,97.2264566218592,NA
1977,8,61.1,61.2,61.5,61.5,98.60023472753396,98.76160990712076,97.7646441414933,NA
1977,9,61.3,61.4,61.8,61.9,98.75530702594772,98.91640866873067,98.3064149533608,NA
1977,10,61.6,61.6,62,62.1,99.226006191950475,99.226006191950475,98.8517955926922,NA
1977,11,62,61.9,62.3,62.4,99.85145320776047,99.6904024767802,99.4008128085941,NA
1977,12,62.3,62.1,62.7,62.7,100.28493107039,100,99.9368517556133,100
1978,1,62.7,62.5,63.1,63,100.694005104871,100.5,100.407515025605,100.3
1978,2,63,62.9,63.4,63.2,101.215927794913,101.1,100.86667307874,100.7
1978,3,63.4,63.4,63.8,63.7,101.861770565652,101.8,101.430382915094,101.3
1978,4,63.9,63.9,64.3,64.2,102.70827941102,102.7,102.071097004314,102
1978,5,64.5,64.5,64.7,64.7,103.532688224329,103.6,102.683463974099,102.7
1978,6,65,65.2,65.2,65.3,104.351928845763,104.5,103.429002877749,103.4
1978,7,65.5,65.7,65.6,65.7,104.895827825714,105,103.941590621312,103.8
1978,8,65.9,66,66.1,66.1,105.405617835247,105.5,104.419416715243,104.3
1978,9,66.5,66.5,66.7,66.8,105.886682306423,106.1,104.952459630888,105.1
1978,10,67.1,67.1,67.2,67.3,106.565142038446,106.7,105.52337544116,105.8
1978,11,67.5,67.4,67.6,67.8,107.369089192937,107.3,106.215103464965,106.5
1978,12,67.9,67.7,68,68,108.108135843129,107.8,106.836621182717,106.9
1979,1,68.5,68.3,68.5,68.4,108.908333260351,108.7,107.307939315928,107.2
1979,2,69.2,69.1,69.2,69,109.823040373751,109.7,107.962385328098,107.8
1979,3,69.9,69.8,69.8,69.6,110.764607709278,110.7,108.625211599179,108.5
1979,4,70.6,70.6,70.3,70.2,111.808739435574,111.8,109.269846260351,109.2
1979,5,71.4,71.5,70.8,70.8,112.928602937531,113,110.085980523972,110.1
1979,6,72.2,72.3,71.3,71.4,113.942174653566,114.1,110.651613694736,110.6
1979,7,73,73.1,71.9,72,114.988757016046,115.1,111.265944303723,111.1
1979,8,73.7,73.8,72.7,72.7,115.897398251497,116,111.932195411263,111.8
1979,9,74.4,74.6,73.3,73.4,116.863743439493,117.1,112.437244559587,112.6
1979,10,75.2,75.2,74,74.1,117.750015982499,117.9,113.199585590636,113.5
1979,11,76,75.9,74.8,75,118.576136954393,118.5,113.901193705893,114.2
1979,12,76.9,76.7,75.7,75.7,119.840523420358,119.5,114.740775109193,114.8
1980,1,78,77.8,76.7,76.6,121.027120006417,120.8,115.702489236621,115.6
1980,2,79,78.9,77.5,77.3,122.532460697268,122.4,116.756080142287,116.6
1980,3,80.1,80.1,78.6,78.3,123.868390217654,123.8,117.723513557995,117.6
1980,4,80.9,81,79.5,79.3,124.709693883471,124.7,118.474182238883,118.4
1980,5,81.7,81.8,80.1,80.2,125.624645111581,125.7,119.408450069057,119.4
1980,6,82.5,82.7,81,81.1,126.531411739124,126.7,120.395919626211,120.3
1980,7,82.6,82.7,80.8,80.9,127.382196571782,127.5,121.100931076329,120.9
1980,8,83.2,83.3,81.3,81.3,128.48858097283,128.6,122.046245390136,121.9
1980,9,83.9,84,82.1,82.2,129.637031256858,129.9,123.299114089798,123.5
1980,10,84.7,84.8,83,83.2,130.530655841668,130.7,124.245505413282,124.6
1980,11,85.6,85.5,83.9,84.1,131.580255013227,131.5,125.153566385479,125.5
1980,12,86.4,86.3,84.9,84.9,132.773689759217,132.4,126.123421078496,126.2
1981,1,87.2,87,85.4,85.3,133.845020377033,133.6,126.9850674002,126.9
1981,2,88,87.9,85.9,85.7,135.344316839174,135.2,127.858272111936,127.7
1981,3,88.6,88.5,86.4,86.1,136.376715535833,136.3,128.636032930238,128.5
1981,4,89.1,89.1,87,86.8,137.113942274151,137.1,129.683049665562,129.6
1981,5,89.7,89.8,87.8,87.8,137.823472833968,137.9,130.644308473845,130.6
1981,6,90.5,90.6,88.6,88.7,138.522412501168,138.7,131.558526820431,131.4
1981,7,91.5,91.6,89.8,89.9,139.574851067156,139.7,132.632262584469,132.4
1981,8,92.2,92.3,90.7,90.7,140.57880376511,140.7,133.857461791007,133.7
1981,9,93.1,93.2,91.8,91.9,141.510945573317,141.8,134.873471768905,135.1
1981,10,93.4,93.4,92.1,92.3,142.209283475107,142.4,135.704162104387,136.1
1981,11,93.8,93.7,92.5,92.7,142.97935659004,142.9,136.612915180484,137
1981,12,94.1,94,93,93,143.799321227697,143.4,137.515138114643,137.6
1982,1,94.4,94.3,93.3,93.2,144.457011935191,144.2,138.264742605223,138.2
1982,2,94.7,94.6,93.8,93.5,144.856049746679,144.7,138.949625919849,138.8
1982,3,94.7,94.5,93.9,93.7,144.987302144893,144.9,139.726295950852,139.6
1982,4,95,94.9,94.7,94.5,145.019163860884,145,140.368455651821,140.3
1982,5,95.9,95.8,95.4,95.4,146.024669656688,146.1,141.26635141494,141.2
1982,6,97,97,96.1,96.3,147.316516961957,147.5,142.107656240084,141.9
1982,7,97.5,97.5,96.7,96.7,148.370931366494,148.5,143.054187845676,142.8
1982,8,97.7,97.7,97.1,97.1,148.673684776287,148.8,143.578997823562,143.4
1982,9,97.7,97.9,97.2,97.3,149.195409196774,149.5,144.177483121584,144.4
1982,10,98.1,98.2,97.5,97.7,149.994015614898,150.2,144.988595261751,145.4
1982,11,98,98,97.3,97.6,150.577180324936,150.5,145.698229455622,146.1
1982,12,97.7,97.6,97.2,97.2,151.016806264681,150.6,146.431991923985,146.5
1983,1,97.9,97.8,97.6,97.6,151.263674062308,151,147.252911815799,147.2
1983,2,98,97.9,98,97.9,151.265014910099,151.1,147.8341007076,147.7
1983,3,98.1,97.9,98.2,98.1,151.291835670493,151.2,148.194248068073,148.1
1983,4,98.8,98.6,98.6,98.6,152.415139580271,152.4,148.926487982264,148.9
1983,5,99.2,99.2,98.9,98.8,153.120550033382,153.2,149.3710186852,149.3
1983,6,99.4,99.5,99.2,99.1,153.514045233606,153.7,149.948606493678,149.7
1983,7,99.8,99.9,99.8,99.6,154.174226862068,154.3,150.682814983858,150.4
1983,8,100.1,100.2,100.1,100,154.672629401623,154.8,151.298321657853,151.1
1983,9,100.4,100.7,100.5,100.7,155.28524427108,155.6,151.977484633647,152.2
1983,10,100.8,101,101,101.3,155.78521792059,156,152.578023361837,153
1983,11,101.1,101.2,101.5,101.8,156.278253984538,156.2,153.294769074027,153.7
1983,12,101.4,101.3,101.8,101.9,156.834359767665,156.4,153.863786330004,153.9
1984,1,102.1,101.9,102.5,102.3,157.47066761875,157.2,154.566458926178,154.5
1984,2,102.6,102.4,102.8,102.6,158.17169005545,158,155.029413739667,154.9
1984,3,102.9,102.6,103.2,103,158.388917270458,158.3,155.650609011651,155.6
1984,4,103.3,103.1,103.7,103.5,159.107223333703,159.1,156.376142975983,156.4
1984,5,103.5,103.4,104.1,103.9,159.415688795669,159.5,156.960680092193,156.9
1984,6,103.7,103.7,104.5,104.2,159.81039900028,160,157.572349562389,157.3
1984,7,104.1,104.1,105,104.6,160.378180646549,160.5,158.310017646922,158
1984,8,104.4,104.5,105.4,105.1,160.971700982648,161.1,158.911743887986,158.7
1984,9,104.7,105,105.8,105.8,161.475713342447,161.8,159.576904292906,159.8
1984,10,105.1,105.3,106.2,106.3,161.97677225047,162.2,159.966187065109,160.4
1984,11,105.3,105.3,106.4,106.5,162.279587836417,162.2,160.396052828839,160.8
1984,12,105.5,105.3,106.8,106.7,162.853265985903,162.4,161.000682273846,161
1985,1,105.7,105.5,107.1,106.9,162.876786948795,162.6,161.487329805578,161.4
1985,2,106.3,106,107.7,107.4,163.378088298077,163.2,162.322229411172,162.2
1985,3,106.8,106.4,108.1,107.9,164.083559160607,164,162.894038085716,162.9
1985,4,107,106.9,108.4,108.2,164.599787434524,164.6,163.323805790163,163.4
1985,5,107.2,107.3,108.8,108.6,165.211174771097,165.3,163.946820851619,163.9
1985,6,107.5,107.6,109.1,108.8,165.506406335117,165.7,164.494255641073,164.2
1985,7,107.7,107.8,109.4,109,165.883053137932,166,164.946057064343,164.6
1985,8,107.9,108,109.8,109.4,166.272296022531,166.4,165.53691881064,165.3
1985,9,108.1,108.3,110,110,166.569523217615,166.9,165.995912318112,166.2
1985,10,108.5,108.7,110.5,110.7,167.070732739883,167.3,166.656876957189,167.1
1985,11,109,109,111.1,111.2,167.981085308378,167.9,167.492501643581,167.9
1985,12,109.5,109.3,111.4,111.3,168.673001617604,168.2,168.03057619341,168
1986,1,109.9,109.6,111.9,111.6,168.981641961221,168.7,168.701029353162,168.6
1986,2,109.7,109.3,112.2,111.9,168.481827464714,168.3,169.018640513619,168.9
1986,3,109.1,108.8,112.5,112.3,167.574318971245,167.5,169.437969213601,169.5
1986,4,108.7,108.6,112.9,112.7,167.090197879899,167.1,170.0649240545,170.2
1986,5,109,108.9,113.1,112.9,167.507820995525,167.6,170.530563210712,170.5
1986,6,109.4,109.5,113.4,113.1,168.205159122284,168.4,171.114698107747,170.8
1986,7,109.5,109.5,113.8,113.5,168.289223303822,168.4,171.676563752585,171.3
1986,8,109.6,109.7,114.2,113.8,168.574576696313,168.7,172.153765096651,171.9
1986,9,110,110.2,114.6,114.5,169.267625746763,169.6,172.803319711669,173
1986,10,110.2,110.3,115,115.1,169.469609726175,169.7,173.341063381451,173.8
1986,11,110.4,110.4,115.3,115.4,169.786950073175,169.7,173.804566370169,174.2
1986,12,110.8,110.5,115.6,115.5,170.392426221475,169.9,174.380060787495,174.3
1987,1,111.4,111.2,115.9,115.8,171.191304321775,170.9,174.834770162795,174.7
1987,2,111.8,111.6,116.2,116.1,171.689136209918,171.5,175.31936093933,175.2
1987,3,112.2,112.1,116.6,116.8,172.361641285655,172.3,175.970627774935,176.1
1987,4,112.7,112.7,117.3,117.4,173.070787202992,173.1,176.9042757925,177.1
1987,5,113,113.1,117.7,117.6,173.49529372732,173.6,177.410375371025,177.4
1987,6,113.5,113.5,117.9,117.7,174.097441115111,174.3,177.733132225239,177.4
1987,7,113.8,113.8,118.3,118,174.488823874212,174.6,178.20229252256,177.8
1987,8,114.3,114.4,118.7,118.6,175.369842931781,175.5,179.068159508677,178.8
1987,9,114.7,115,119.2,119.4,176.057156118805,176.4,179.714377268375,179.9
1987,10,115,115.3,119.8,120.1,176.460378222074,176.7,180.32886968621,180.8
1987,11,115.4,115.4,120.1,120.5,176.993796422127,176.9,180.818325946143,181.2
1987,12,115.6,115.4,120.4,120.4,177.226832859674,176.7,181.230296161598,181.1
1988,1,116,115.7,120.9,120.8,177.510365204696,177.2,181.763369284254,181.6
1988,2,116.2,116,121.2,121.1,177.700484040594,177.5,182.196606456234,182.1
1988,3,116.5,116.5,121.7,121.9,178.349285461919,178.3,182.985885970642,183.2
1988,4,117.2,117.1,122.3,122.4,179.051381739581,179.1,183.763442170744,184
1988,5,117.5,117.5,122.7,122.7,179.582614602892,179.7,184.304400125344,184.3
1988,6,118,118,123.2,123,180.190511316878,180.4,184.947268290598,184.6
1988,7,118.5,118.5,123.6,123.3,180.988461652772,181.1,185.414194058404,185
1988,8,119,119,124,123.8,181.6679482953,181.8,185.987987850673,185.7
1988,9,119.5,119.8,124.7,124.7,182.652199731164,183,186.846688994709,187
1988,10,119.9,120.2,125.2,125.5,183.154716881781,183.4,187.538757220721,188
1988,11,120.3,120.3,125.6,125.8,183.703469368517,183.6,188.144515262636,188.5
1988,12,120.7,120.5,126,126,184.263353802354,183.7,188.781460702541,188.6
1989,1,121.2,121.1,126.5,126.4,184.83008788704,184.5,189.279644442042,189.1
1989,2,121.6,121.6,126.9,126.9,185.40930580431,185.2,189.740706421404,189.7
1989,3,122.2,122.3,127.4,127.6,186.232659199668,186.2,190.482984510107,190.8
1989,4,123.1,123.1,127.8,128,187.328306169396,187.4,190.926400145659,191.2
1989,5,123.7,123.8,128.3,128.3,188.265653101979,188.4,191.703008901546,191.7
1989,6,124.1,124.1,128.8,128.5,188.579016919553,188.8,192.26109506138,191.9
1989,7,124.5,124.4,129.2,129,189.18678424785,189.3,193.015380407685,192.6
1989,8,124.5,124.6,129.5,129.3,189.265347364358,189.4,193.293564730052,193
1989,9,124.8,125,129.9,130,189.749735206802,190.1,193.989175349108,194.1
1989,10,125.4,125.6,130.6,130.9,190.650145730852,190.9,194.870368923408,195.3
1989,11,125.9,125.9,131.1,131.3,191.315134422872,191.2,195.592266663179,195.9
1989,12,126.3,126.1,131.6,131.5,192.00267928272,191.4,196.253026340835,196
1990,1,127.5,127.4,132.1,132,193.652847008204,193.3,196.902041785686,196.7
1990,2,128,128,132.7,132.8,194.317423702292,194.1,197.770783325643,197.8
1990,3,128.6,128.7,133.5,133.9,195.214496057676,195.2,198.879676232544,199.3
1990,4,128.9,128.9,134,134.2,195.406792120222,195.5,199.380576387305,199.7
1990,5,129.1,129.2,134.4,134.4,195.653409914089,195.8,200.00257472791,200
1990,6,129.9,129.9,135.1,134.8,196.57017417076,196.8,200.981701930514,200.6
1990,7,130.5,130.4,135.8,135.5,197.486746883193,197.6,201.925179445391,201.5
1990,8,131.6,131.6,136.6,136.4,199.158848111952,199.3,202.982193537382,202.7
1990,9,132.5,132.7,137.1,137.2,200.537881576832,200.9,203.716939099871,203.8
1990,10,133.4,133.5,137.6,137.8,201.739857242563,202,204.300707068611,204.7
1990,11,133.7,133.8,138,138.2,202.42701379261,202.3,204.738342446392,205
1990,12,134.2,133.8,138.6,138.3,202.950570068485,202.3,205.522160282373,205.2
1991,1,134.7,134.6,139.5,139.4,203.582236700207,203.2,206.713751275847,206.5
1991,2,134.8,134.8,140.2,140.3,203.628509967793,203.4,207.691741579665,207.8
1991,3,134.8,135,140.5,140.9,203.596873084036,203.6,208.091285901662,208.6
1991,4,135.1,135.2,140.9,141.1,203.680326430689,203.8,208.320082753655,208.7
1991,5,135.6,135.6,141.3,141.3,204.231781033509,204.4,208.878976996557,208.9
1991,6,136,136,141.8,141.5,204.552798569038,204.8,209.387932322643,209
1991,7,136.2,136.2,142.3,142,204.880545757739,205,210.039712173831,209.6
1991,8,136.6,136.6,142.9,142.7,205.35407790959,205.5,210.789384195915,210.5
1991,9,137,137.2,143.4,143.4,206.041355855514,206.4,211.472844072844,211.5
1991,10,137.2,137.4,143.7,143.9,206.246910432275,206.5,211.842594352813,212.2
1991,11,137.8,137.8,144.2,144.4,207.144508017719,207,212.569650020703,212.8
1991,12,138.2,137.9,144.7,144.4,207.787820069316,207.1,213.176768993163,212.8
1992,1,138.3,138.1,145.1,144.9,207.910878981643,207.5,213.646664979549,213.4
1992,2,138.6,138.6,145.4,145.6,208.338583087182,208.1,214.260821101692,214.4
1992,3,139.1,139.3,145.9,146.4,208.877648849557,208.9,214.838573211847,215.4
1992,4,139.4,139.5,146.3,146.6,209.149211728413,209.3,215.35022071018,215.8
1992,5,139.7,139.7,146.8,146.7,209.40684139944,209.6,215.730760323496,215.8
1992,6,140.1,140.2,147.1,146.9,209.832766826393,210.1,216.059665615078,215.7
1992,7,140.5,140.5,147.6,147.3,210.268876810908,210.4,216.62709062367,216.2
1992,8,140.8,140.9,147.9,147.7,210.745747253696,210.9,217.091179512623,216.8
1992,9,141.1,141.3,148.1,148.1,211.144675715767,211.5,217.433036633557,217.4
1992,10,141.7,141.8,148.8,149,211.851663143068,212.1,218.179220287389,218.5
1992,11,142.1,142,149.2,149.3,212.565934509601,212.4,218.804176112998,219
1992,12,142.3,141.9,149.6,149.2,213.032298558495,212.3,219.236240653992,218.8
1993,1,142.8,142.6,150.1,149.9,213.344997673552,212.9,219.787649061506,219.5
1993,2,143.1,143.1,150.6,150.8,213.851532953696,213.6,220.552324829904,220.7
1993,3,143.3,143.6,150.8,151.4,214.259466508558,214.3,220.906938023366,221.5
1993,4,143.8,144,151.4,151.7,214.71656113562,214.9,221.495016306153,222
1993,5,144.2,144.2,151.8,151.7,215.078880340906,215.3,221.982616041917,222.1
1993,6,144.3,144.4,152.1,151.8,215.209547855737,215.5,222.412567698047,222.1
1993,7,144.5,144.4,152.3,152,215.454141373509,215.6,222.798063758406,222.4
1993,8,144.8,144.8,152.8,152.6,215.934858795295,216.1,223.378888680051,223.1
1993,9,145,145.1,152.9,152.9,215.946011858314,216.3,223.465007525258,223.4
1993,10,145.6,145.7,153.4,153.5,216.857131117988,217.1,223.902869280692,224.2
1993,11,146,145.8,153.9,153.9,217.390222781658,217.2,224.5421313861,224.7
1993,12,146.3,145.8,154.3,153.9,217.779304425222,217,225.094273575802,224.6
1994,1,146.3,146.2,154.5,154.3,217.879448389725,217.4,225.326361740415,225
1994,2,146.7,146.7,154.8,155,218.265247790122,218,225.661897146089,225.8
1994,3,147.1,147.2,155.3,155.8,218.642519647483,218.7,226.187709737642,226.8
1994,4,147.2,147.4,155.5,155.9,218.785624361162,219,226.555700546897,227.1
1994,5,147.5,147.5,155.9,156,218.952638072927,219.2,227.049027026327,227.2
1994,6,147.9,148,156.4,156.2,219.485835501855,219.8,227.67184626572,227.4
1994,7,148.4,148.4,156.7,156.4,220.137094859087,220.3,228.071508580489,227.7
1994,8,149,149,157.1,157,220.922736272914,221.1,228.477192934459,228.2
1994,9,149.3,149.4,157.5,157.5,221.043189696761,221.4,228.674366015183,228.6
1994,10,149.4,149.5,157.8,158,221.363989454596,221.6,229.107813188636,229.4
1994,11,149.8,149.7,158.2,158.2,222.018132854572,221.8,229.481661895964,229.6
1994,12,150.1,149.7,158.3,157.9,222.530509427035,221.7,229.858208542856,229.3
1995,1,150.5,150.3,159,158.7,223.016961638509,222.5,230.560755839191,230.2
1995,2,150.9,150.9,159.4,159.6,223.481113871381,223.2,231.063443241048,231.2
1995,3,151.2,151.4,159.9,160.4,223.825242147319,223.9,231.665597903703,232.3
1995,4,151.8,151.9,160.4,160.7,224.350633745515,224.6,232.211765174395,232.8
1995,5,152.1,152.2,160.7,160.8,224.719702989969,225,232.71799138998,232.9
1995,6,152.4,152.5,161.1,160.9,225.156496256273,225.5,233.251321579386,233
1995,7,152.6,152.5,161.4,161.1,225.417907286268,225.6,233.660994503376,233.3
1995,8,152.9,152.9,161.8,161.6,225.812560327121,226,234.192492023338,233.9
1995,9,153.1,153.2,162.2,162.1,226.139336460696,226.5,234.774417714658,234.7
1995,10,153.5,153.7,162.7,162.8,226.769275486604,227,235.299434164081,235.6
1995,11,153.7,153.6,163,163,227.148087110949,226.9,235.703667762612,235.8
1995,12,153.9,153.5,163.1,162.7,227.585661489928,226.7,236.001240411019,235.4
1996,1,154.7,154.4,163.7,163.4,228.357889087364,227.8,236.587232818162,236.2
1996,2,155,154.9,164,164.2,228.899466692625,228.6,237.157715570034,237.3
1996,3,155.5,155.7,164.4,164.9,229.708455044236,229.8,237.646750826044,238.3
1996,4,156.1,156.3,164.6,165,230.315374502434,230.6,237.869718808434,238.5
1996,5,156.4,156.6,165,165.1,230.786008588233,231.1,238.392833550219,238.6
1996,6,156.7,156.7,165.4,165.2,230.92621038489,231.3,238.840466561133,238.6
1996,7,157,157,165.7,165.5,231.396476320785,231.6,239.353394473858,239
1996,8,157.2,157.3,166,165.8,231.699698521499,231.9,239.711925553293,239.4
1996,9,157.7,157.8,166.5,166.4,232.331164816234,232.7,240.283980154771,240.2
1996,10,158.2,158.3,166.8,167,233.072661896454,233.3,240.704134781532,241
1996,11,158.7,158.6,167.2,167.2,233.979546687535,233.7,241.230483203151,241.3
1996,12,159.1,158.6,167.4,167,234.648730489577,233.7,241.731479428653,241.1
1997,1,159.4,159.1,167.8,167.5,235.003555079666,234.4,242.009969301442,241.6
1997,2,159.7,159.6,168.1,168.3,235.420605973668,235.1,242.45895333328,242.6
1997,3,159.8,160,168.4,169,235.493174792814,235.6,242.938313226137,243.6
1997,4,159.9,160.2,168.9,169.4,235.482729930251,235.8,243.518729013985,244.2
1997,5,159.9,160.1,169.2,169.3,235.454384656165,235.8,243.961694034353,244.2
1997,6,160.2,160.3,169.4,169.2,235.694949594161,236.1,244.324435958409,244.1
1997,7,160.4,160.5,169.7,169.5,235.972546276172,236.2,244.742905434405,244.4
1997,8,160.8,160.8,169.8,169.6,236.483250183264,236.7,244.81811338656,244.5
1997,9,161.2,161.2,170.2,170,237.022114322224,237.4,245.29131514651,245.2
1997,10,161.5,161.6,170.6,170.8,237.577931340805,237.8,245.910715962887,246.2
1997,11,161.7,161.5,170.8,170.8,238.112529014493,237.8,246.162034209249,246.2
1997,12,161.8,161.3,171.2,170.7,238.304920447451,237.3,246.666514816066,246
1998,1,162,161.6,171.6,171.2,238.447459415827,237.8,247.229344908588,246.8
1998,2,162,161.9,171.9,172.1,238.442223813198,238.1,247.861371545688,248
1998,3,162,162.2,172.2,172.6,238.381114382224,238.5,248.032672522238,248.7
1998,4,162.2,162.5,172.5,173,238.650884204712,239,248.580750998216,249.3
1998,5,162.6,162.8,172.9,173.1,238.919797523992,239.3,249.047073463613,249.3
1998,6,162.8,163,173.2,173,239.059825504385,239.5,249.315693640639,249.1
1998,7,163.2,163.2,173.5,173.3,239.443754951672,239.7,249.737454374507,249.4
1998,8,163.4,163.4,174,173.8,239.864149212188,240.1,250.302072492933,250
1998,9,163.5,163.6,174.2,174.2,240.014504660556,240.4,250.6813858022,250.6
1998,10,163.9,164,174.4,174.7,240.687016587752,240.9,251.013325993344,251.3
1998,11,164.1,164,174.8,174.8,241.149980467206,240.8,251.478702497333,251.5
1998,12,164.4,163.9,175.4,174.8,241.666324644334,240.6,252.198687990027,251.5
1999,1,164.7,164.3,175.6,175.3,241.996656865724,241.3,252.554091764892,252.1
1999,2,164.7,164.5,175.6,175.7,241.96663685051,241.6,252.579391050042,252.7
1999,3,164.8,165,175.7,176.2,242.166209311698,242.3,252.820231658285,253.5
1999,4,165.9,166.2,176.3,176.8,243.61466275761,244,253.65237525427,254.4
1999,5,166,166.2,176.5,176.6,243.580130731392,244,253.84113680048,254.1
1999,6,166,166.2,176.6,176.6,243.617811717415,244.1,254.198949011413,254
1999,7,166.7,166.7,177.1,176.9,244.409916411569,244.7,254.829877223381,254.5
1999,8,167.1,167.1,177.3,177.1,245.141259110506,245.4,255.082691315515,254.8
1999,9,167.8,167.9,177.8,177.7,246.100134385434,246.5,255.772803818734,255.7
1999,10,168.1,168.2,178.1,178.3,246.895178484718,247.1,256.313721454744,256.6
1999,11,168.4,168.3,178.4,178.4,247.596701884678,247.2,256.796335580696,256.8
1999,12,168.8,168.3,178.7,178.2,248.348333288807,247.2,257.257939508615,256.5
2000,1,169.3,168.8,179.3,178.8,248.759774637081,248,257.805153395853,257.3
2000,2,170,169.8,179.4,179.5,249.796889554352,249.4,258.18820188558,258.3
2000,3,171,171.2,180,180.5,251.24504395213,251.4,259.0825747766,259.8
2000,4,170.9,171.3,180.3,180.9,251.176644571636,251.6,259.531083253613,260.3
2000,5,171.2,171.5,180.7,180.9,251.332314293273,251.8,260.128423656263,260.4
2000,6,172.2,172.4,181.1,181,252.659452664763,253.2,260.666046543024,260.5
2000,7,172.7,172.8,181.5,181.3,253.36587619406,253.7,261.219069719051,260.9
2000,8,172.7,172.8,181.9,181.7,253.510800142604,253.8,261.84958233477,261.6
2000,9,173.6,173.7,182.3,182.3,254.681265651958,255.1,262.363154987071,262.3
2000,10,173.9,174,182.6,182.8,255.303427528382,255.5,262.815554343153,263.1
2000,11,174.2,174.1,183.1,183,256.150788953345,255.7,263.415589328072,263.4
2000,12,174.6,174,183.3,182.8,256.743155503613,255.5,263.924360133587,263.1
2001,1,175.6,175.1,183.9,183.5,258.033225139142,257.2,264.661830203862,264.1
2001,2,176,175.8,184.4,184.4,258.632201952188,258.2,265.384497805212,265.5
2001,3,176.1,176.2,184.7,185.3,258.730558658866,258.9,265.951204621239,266.7
2001,4,176.4,176.9,185.1,185.6,259.337543569451,259.8,266.418598673402,267.2
2001,5,177.3,177.7,185.3,185.5,260.375479543595,260.9,266.817056189655,267.1
2001,6,177.7,178,186,185.9,260.900362509688,261.5,267.737588680091,267.6
2001,7,177.4,177.5,186.4,186.2,260.321313100704,260.7,268.213278583942,267.9
2001,8,177.4,177.5,186.7,186.6,260.474549413349,260.8,268.819519032598,268.6
2001,9,178.1,178.3,187.1,187.1,261.363705516817,261.8,269.357240131123,269.3
2001,10,177.6,177.7,187.4,187.6,260.811914380448,261,269.704605561474,270
2001,11,177.5,177.4,188.1,188.1,260.998721827982,260.5,270.731833814619,270.7
2001,12,177.4,176.7,188.4,187.8,260.817626190347,259.5,271.181555593262,270.3
2002,1,177.7,177.1,188.7,188.2,261.091687386709,260.2,271.517865431219,270.9
2002,2,178,177.8,189.1,189.2,261.662859563442,261.2,272.190123010701,272.3
2002,3,178.5,178.8,189.2,189.8,262.419800179373,262.6,272.429166249901,273.2
2002,4,179.3,179.8,189.7,190.3,263.607138862055,264.1,273.103535205919,273.9
2002,5,179.5,179.8,190,190.2,263.435530478024,264,273.487720372765,273.8
2002,6,179.6,179.9,190.2,190.1,263.560834408759,264.2,273.812692145649,273.7
2002,7,180,180.1,190.5,190.3,264.080301227912,264.5,274.203093385079,273.9
2002,8,180.5,180.7,191.1,191,265.039083457119,265.4,275.095346310616,274.9
2002,9,180.8,181,191.3,191.3,265.354297493048,265.8,275.450323837059,275.4
2002,10,181.2,181.3,191.5,191.8,266.118729744246,266.3,275.776908909828,276.1
2002,11,181.5,181.3,191.9,191.8,266.846863885093,266.3,276.169914788899,276.1
2002,12,181.8,180.9,192.1,191.4,267.097817715193,265.7,276.44608782484,275.5
2003,1,182.6,181.7,192.4,191.8,267.857762663795,266.9,276.770568870283,276.1
2003,2,183.6,183.1,192.5,192.5,269.499294096913,269,277.106724395275,277.2
2003,3,183.9,184.2,192.5,193,270.40604425926,270.6,277.098981064874,277.9
2003,4,183.2,183.8,192.5,193.1,269.377816024452,269.9,277.089023769126,277.9
2003,5,182.9,183.5,192.9,193.2,268.889265149737,269.5,277.649350768689,278
2003,6,183.1,183.7,193,193,269.209415016568,269.9,277.865413620315,277.8
2003,7,183.7,183.9,193.4,193.2,269.730984486668,270.2,278.370432423339,278.1
2003,8,184.5,184.6,193.6,193.5,270.80060218504,271.2,278.689123638281,278.5
2003,9,185.1,185.2,193.7,193.6,271.540939172602,272,278.759824476312,278.7
2003,10,184.9,185,194,194.3,271.625476171963,271.8,279.263651310706,279.6
2003,11,185,184.5,194,193.9,271.595321129684,271,279.328265857892,279.2
2003,12,185.5,184.3,194.2,193.6,272.171747926961,270.7,279.618009275058,278.6
2004,1,186.3,185.2,194.6,194,273.121169548061,272.1,280.03161781311,279.3
2004,2,186.7,186.2,194.9,194.9,274.142510793871,273.6,280.54361685899,280.6
2004,3,187.1,187.4,195.5,196.1,275.110157468055,275.3,281.462916311843,282.3
2004,4,187.4,188,195.9,196.5,275.650845783348,276.2,282.047798662984,282.9
2004,5,188.2,189.1,196.2,196.5,277.030447589508,277.7,282.502555610096,282.9
2004,6,188.9,189.7,196.6,196.6,277.842366659151,278.6,283.009815601587,283
2004,7,189.1,189.4,196.8,196.6,277.769095658576,278.3,283.241071340264,283
2004,8,189.2,189.5,196.9,196.8,277.957872751657,278.4,283.492825994998,283.3
2004,9,189.8,189.9,197.5,197.4,278.42671074989,278.9,284.262888539641,284.2
2004,10,190.8,190.9,197.9,198.2,280.22927704403,280.4,284.95141663675,285.3
2004,11,191.7,191,198.3,198.1,281.250471745068,280.6,285.370311268845,285.2
2004,12,191.7,190.3,198.6,197.8,281.162119193296,279.6,285.769684199111,284.7
2005,1,191.6,190.7,199,198.4,281.192545634379,280.1,286.370612769083,285.6
2005,2,192.4,191.8,199.4,199.5,282.295241869292,281.7,287.163383599626,287.2
2005,3,193.1,193.3,200.1,200.7,283.716451419182,283.9,288.043523185777,288.9
2005,4,193.7,194.6,200.2,200.9,285.219541857499,285.8,288.327549076018,289.2
2005,5,193.6,194.4,200.5,200.8,284.876390316885,285.6,288.579936179291,289
2005,6,193.7,194.5,200.6,200.6,284.883582351323,285.7,288.769161387543,288.8
2005,7,194.9,195.4,200.9,200.8,286.403707169557,287,289.206544273721,289
2005,8,196.1,196.4,201.1,201,288.005397084045,288.5,289.569028826296,289.4
2005,9,198.8,198.8,201.3,201.3,291.497560278716,292,289.846762016497,289.8
2005,10,199.1,199.2,202,202.3,292.436450594128,292.6,290.849668667037,291.2
2005,11,198.1,197.6,202.5,202.3,291.012531701822,290.3,291.407436822342,291.2
2005,12,198.1,196.8,202.8,202.1,290.653333582746,289,292.007215262901,290.9
2006,1,199.3,198.3,203.2,202.6,292.470569080954,291.3,292.500377506515,291.7
2006,2,199.4,198.7,203.6,203.6,292.548032507844,291.9,293.204178331986,293.2
2006,3,199.7,199.8,204.3,204.9,293.423793790305,293.6,294.089457541354,294.9
2006,4,200.7,201.5,204.8,205.5,295.394256165308,296,294.957567688188,295.8
2006,5,201.3,202.5,205.4,205.7,296.610529721588,297.4,295.680478549715,296.1
2006,6,201.8,202.9,205.9,205.9,297.200691065366,298.1,296.427472391705,296.5
2006,7,202.9,203.5,206.3,206.2,298.228006569395,298.9,296.95660185753,296.8
2006,8,203.8,203.9,206.8,206.7,299.056393824125,299.6,297.71140737379,297.6
2006,9,202.8,202.9,207.2,207.2,297.590621853924,298.1,298.279603127402,298.3
2006,10,201.9,201.8,207.6,207.8,296.360569872055,296.5,298.832033134527,299.2
2006,11,202,201.5,207.8,207.6,296.759931457735,296,299.027416829601,298.8
2006,12,203.1,201.8,208.1,207.3,298.220552845523,296.5,299.627658542696,298.5
2007,1,203.437,202.416,208.6,208.009,298.622409679657,297.4,300.304145845852,299.5
2007,2,204.226,203.499,209.135,209.112,299.685367623817,299,301.027930841533,301
2007,3,205.288,205.352,209.418,209.923,301.526269161579,301.7,301.441395887264,302.2
2007,4,205.904,206.686,209.747,210.311,302.981185493914,303.6,302.011712355584,302.8
2007,5,206.755,207.949,210.058,210.316,304.664812914487,305.5,302.407732356033,302.8
2007,6,207.234,208.352,210.392,210.474,305.139223039843,306.1,302.909984847645,303
2007,7,207.603,208.299,210.773,210.756,305.276293645084,306,303.522609125925,303.4
2007,8,207.667,207.917,211.119,211.111,304.932591470982,305.5,303.972965601453,303.9
2007,9,208.547,208.49,211.554,211.628,305.78124820198,306.3,304.625635064697,304.7
2007,10,209.19,208.936,212.077,212.318,306.768024759552,306.9,305.232367896056,305.6
2007,11,210.834,210.177,212.66,212.435,309.608404127321,308.8,306.032051043228,305.8
2007,12,211.445,210.036,213.168,212.356,310.402131274158,308.6,306.831866988306,305.7
2008,1,212.174,211.08,213.771,213.138,311.390026069221,310.1,307.707055099534,306.9
2008,2,212.687,211.693,213.939,213.866,311.723250971251,311,307.959803467887,307.9
2008,3,213.448,213.528,214.42,214.866,313.526836649374,313.7,308.601299404765,309.3
2008,4,213.942,214.823,214.56,215.059,314.968193912257,315.6,308.869020819392,309.6
2008,5,215.208,216.632,214.936,215.18,317.323815503517,318.2,309.423100298733,309.8
2008,6,217.463,218.815,215.424,215.553,320.470820229145,321.5,310.176825414598,310.3
2008,7,219.016,219.964,215.965,216.045,322.411757250486,323.2,311.077416634063,311
2008,8,218.69,219.086,216.393,216.476,321.289717265265,321.9,311.615373498632,311.6
2008,9,218.877,218.783,216.713,216.862,320.856723699269,321.4,312.053884232713,312.2
2008,10,216.995,216.573,216.788,217.023,318.070530953696,318.2,312.012704773816,312.4
2008,11,213.153,212.425,216.947,216.69,312.923309876007,312.1,312.224738823272,312
2008,12,211.398,210.228,216.925,216.1,310.604701345967,308.8,312.232395703488,311.1
2009,1,211.933,211.143,217.346,216.719,311.493918376956,310.2,312.832207477572,312
2009,2,212.705,212.193,217.792,217.685,312.41890648425,311.7,313.503794812324,313.4
2009,3,212.495,212.709,218.253,218.639,312.323989617956,312.5,314.177800780344,314.8
2009,4,212.709,213.24,218.706,219.143,312.677427880999,313.3,314.824150096893,315.5
2009,5,213.022,213.856,218.904,219.128,313.3337158217,314.2,315.12606647909,315.5
2009,6,214.79,215.693,219.112,219.283,315.888985805516,316.9,315.550998315599,315.7
2009,7,214.726,215.351,219.263,219.35,315.63538349198,316.4,315.870677694605,315.8
2009,8,215.445,215.834,219.496,219.596,316.498568568809,317.1,316.199779598763,316.2
2009,9,215.861,215.969,219.92,220.137,316.764243480691,317.3,316.720457851347,316.9
2009,10,216.509,216.177,220.501,220.731,317.475962045386,317.6,317.397417606745,317.8
2009,11,217.234,216.33,220.666,220.384,318.642492085606,317.8,317.488690044745,317.3
2009,12,217.347,215.949,220.881,220.025,319.151944160094,317.3,317.875771169651,316.8
2010,1,217.488,216.687,220.633,220.086,319.629799485582,318.3,317.709189325032,316.9
2010,2,217.281,216.741,220.731,220.602,319.125390768642,318.4,317.7141640832,317.6
2010,3,217.353,217.631,220.783,221.059,319.509007422144,319.7,317.75169620723,318.3
2010,4,217.403,218.009,220.822,221.166,319.65733270804,320.3,317.789211886391,318.4
2010,5,217.29,218.178,220.962,221.193,319.606260377641,320.5,318.029546041452,318.4
2010,6,217.199,217.965,221.194,221.265,319.177955487704,320.2,318.42964790539,318.6
2010,7,217.605,218.011,221.363,221.258,319.536544681973,320.3,318.670000639894,318.6
2010,8,217.923,218.312,221.509,221.551,320.095010063398,320.7,318.989201279235,319
2010,9,218.275,218.439,221.711,221.907,320.358561159298,320.9,319.316717395022,319.5
2010,10,219.035,218.711,221.83,222.079,321.181849408555,321.3,319.331045925458,319.7
2010,11,219.59,218.803,222.149,222.077,322.364824931873,321.5,319.888826643141,319.7
2010,12,220.472,219.179,222.343,221.795,323.8876821282,322,320.446258197573,319.4
2011,1,221.187,220.223,222.803,222.177,324.965251811368,323.6,320.689143644548,319.9
2011,2,221.898,221.309,223.213,223.011,325.936542855954,325.2,321.217191779288,321.1
2011,3,223.046,223.467,223.454,223.69,328.097445394945,328.3,321.605852891241,322.1
2011,4,224.093,224.906,223.727,224.118,329.834231265582,330.5,322.12185914505,322.7
2011,5,224.806,225.964,224.175,224.534,331.06366979168,332,322.904276255991,323.3
2011,6,224.806,225.722,224.697,224.891,330.631849790933,331.7,323.599082051463,323.8
2011,7,225.395,225.922,225.218,225.164,331.209960104755,332,324.262845618517,324.2
2011,8,226.106,226.545,225.862,225.874,332.265945326185,332.9,325.284560761936,325.3
2011,9,226.597,226.889,226.118,226.289,332.824958957313,333.4,325.715428771333,325.9
2011,10,226.75,226.421,226.506,226.743,332.571704043001,332.7,326.145073474312,326.5
2011,11,227.169,226.23,226.899,226.859,333.29889468488,332.4,326.888463723674,326.7
2011,12,227.223,225.672,227.405,226.74,333.549006513837,331.6,327.545419039908,326.5
2012,1,227.842,226.665,227.877,227.237,334.518240118662,333.1,328.07100759383,327.3
2012,2,228.329,227.663,228.034,227.865,335.351762845449,334.6,328.30655317434,328.2
2012,3,228.807,229.392,228.478,228.735,336.895498433736,337.1,328.929955635619,329.4
2012,4,229.187,230.085,228.905,229.303,337.433422757885,338.1,329.721438987522,330.3
2012,5,228.713,229.815,229.224,229.602,336.753726677399,337.7,330.263338702802,330.7
2012,6,228.524,229.478,229.623,229.879,336.208204147303,337.3,330.867721746336,331.1
2012,7,228.59,229.104,229.97,229.893,335.899297569086,336.7,331.262608283103,331.2
2012,8,229.918,230.379,230.233,230.196,337.953015858488,338.6,331.615719457261,331.6
2012,9,231.015,231.407,230.659,230.78,339.50261226618,340.1,332.34124048483,332.5
2012,10,231.638,231.317,231.024,231.276,339.85770075978,340,332.861552072945,333.2
2012,11,231.249,230.221,231.33,231.263,339.313392778188,338.4,333.403158407221,333.2
2012,12,231.221,229.601,231.725,231.033,339.481198281616,337.5,333.965000796647,332.9
2013,1,231.679,230.28,232.229,231.612,340.049706165339,338.6,334.560062487219,333.8
2013,2,232.937,232.166,232.569,232.432,342.161595739019,341.4,335.077805884137,335
2013,3,232.282,232.773,232.794,233.052,342.006161720442,342.2,335.438290616765,335.9
2013,4,231.797,232.531,232.832,233.236,341.250730823723,341.9,335.517520185825,336.1
2013,5,231.893,232.945,232.996,233.462,341.547809850181,342.5,336.022615403825,336.5
2013,6,232.445,233.504,233.35,233.64,342.173021036224,343.3,336.438799026028,336.7
2013,7,232.9,233.596,233.88,233.792,342.668211010396,343.5,337.052866194401,337
2013,8,233.456,233.877,234.336,234.258,343.238654522914,343.9,337.736038771702,337.7
2013,9,233.544,234.149,234.7,234.782,343.693106371377,344.3,338.269351611386,338.4
2013,10,233.669,233.546,234.921,235.162,343.249682176473,343.4,338.679704677237,339
2013,11,234.1,233.069,235.359,235.243,343.721276428033,342.8,339.326112595235,339.1
2013,12,234.719,233.049,235.759,235,344.804039603905,342.8,339.899504185216,338.8
2014,1,235.288,233.916,235.961,235.367,345.579732051116,344.1,340.168604434608,339.4
2014,2,235.547,234.781,236.185,236.075,346.176768681628,345.4,340.565927831977,340.5
2014,3,236.028,236.293,236.625,236.913,347.427441057393,347.6,341.257900999273,341.7
2014,4,236.468,237.072,237.072,237.509,348.062751277953,348.7,341.89275275045,342.5
2014,5,236.918,237.9,237.529,238.029,349.032421916822,350,342.762204806957,343.3
2014,6,237.231,238.343,237.837,238.157,349.53116325041,350.7,343.186111809366,343.5
2014,7,237.498,238.25,238.195,238.138,349.633446727559,350.5,343.528413516588,343.5
2014,8,237.46,237.852,238.405,238.296,349.222459643459,349.9,343.751177252758,343.7
2014,9,237.477,238.031,238.786,238.841,349.580589067165,350.2,344.402182400644,344.5
2014,10,237.43,237.433,239.191,239.413,349.13196837754,349.3,345.096217421008,345.4
2014,11,236.983,236.151,239.458,239.248,348.418092329673,347.5,345.458211527708,345.2
2014,12,236.252,234.812,239.584,238.775,347.60523029036,345.6,345.642431295282,344.5
2015,1,234.747,233.707,239.811,239.248,345.477503906507,344,346.066215014947,345.3
2015,2,235.342,234.722,240.172,240.083,346.28043831173,345.5,346.529467894232,346.5
2015,3,235.976,236.119,240.755,241.067,347.355242794871,347.5,347.473190668937,347.9
2015,4,236.222,236.599,241.346,241.802,347.693560970128,348.3,348.374325879652,349
2015,5,237.001,237.805,241.688,242.119,349.049466059707,350,348.938510734324,349.5
2015,6,237.657,238.638,242.064,242.354,350.126766526166,351.3,349.461530835801,349.8
2015,7,238.034,238.654,242.565,242.436,350.427505049215,351.3,350.017128458534,350
2015,8,238.033,238.316,242.817,242.651,350.125179140434,350.8,350.353994407231,350.3
2015,9,237.498,237.945,243.316,243.359,349.688421102987,350.3,351.240883043969,351.3
2015,10,237.733,237.838,243.768,243.985,350.021190866367,350.2,351.931151513498,352.2
2015,11,238.017,237.336,244.241,244.075,350.306119073539,349.4,352.701202119014,352.4
2015,12,237.761,236.525,244.547,243.779,350.296307821913,348.3,353.168415578416,352
2016,1,237.652,236.916,244.955,244.528,350.270007266356,348.8,353.826396145641,353.1
2016,2,237.336,237.111,245.51,245.68,349.870445938233,349.1,354.646426800911,354.7
2016,3,238.08,238.132,245.913,246.358,350.471213690446,350.6,355.277958037958,355.7
2016,4,238.992,239.261,246.551,246.992,351.709929694905,352.3,355.97413135739,356.6
2016,5,239.557,240.229,247.137,247.544,352.761556399387,353.7,356.840238786103,357.4
2016,6,240.222,241.018,247.54,247.794,353.726638667108,354.9,357.453261457161,357.8
2016,7,240.101,240.628,247.829,247.744,353.430331145924,354.3,357.706321833313,357.7
2016,8,240.545,240.849,248.423,248.278,354.031394416183,354.7,358.534587470321,358.5
2016,9,241.176,241.428,248.842,248.731,354.891630080013,355.5,359.177877856451,359.2
2016,10,241.741,241.729,249.142,249.218,355.812086833146,356,359.671866289254,359.9
2016,11,242.026,241.353,249.481,249.227,356.307196862404,355.4,360.254594966427,359.9
2016,12,242.637,241.432,249.92,249.134,357.512678333539,355.5,360.984390537991,359.8
2017,1,243.618,242.839,250.467,250.083,359.07218218915,357.6,361.772643521839,361.1
2017,2,244.006,243.603,250.998,251.143,359.461272145612,358.7,362.562944085681,362.7
2017,3,243.892,243.801,250.944,251.29,358.874475117507,359,362.479626464763,362.9
2017,4,244.193,244.524,251.227,251.642,359.516358470784,360.1,362.778116422494,363.4
2017,5,244.004,244.733,251.43,251.835,359.467664582784,360.4,363.162182799401,363.7
2017,6,244.163,244.955,251.746,252.014,359.524264776801,360.7,363.55748619626,363.9
2017,7,244.243,244.786,251.985,251.936,359.622909271527,360.5,363.769825566311,363.8
2017,8,245.183,245.519,252.535,252.46,360.929032778189,361.6,364.603875943167,364.6
2017,9,246.435,246.819,252.812,252.941,362.890893931245,363.5,365.318259362403,365.3
2017,10,246.626,246.663,253.526,253.638,363.003421857829,363.2,366.113046696028,366.3
2017,11,247.284,246.669,253.816,253.492,364.214265069425,363.3,366.506542980108,366.1
2017,12,247.805,246.524,254.344,253.558,365.136184438502,363.1,367.411301739663,366.2
2018,1,248.743,247.867,255.072,254.638,366.481750994167,365,368.359753110258,367.7
2018,2,249.439,248.991,255.568,255.783,367.458713120525,366.7,369.246662191398,369.4
2018,3,249.581,249.554,256.128,256.61,367.378578417623,367.5,370.2071922616,370.6
2018,4,250.146,250.546,256.603,257.025,368.423058592385,369,370.57568530344,371.2
2018,5,250.779,251.588,257.151,257.469,369.562597942665,370.5,371.271248047571,371.8
2018,6,251.118,251.989,257.449,257.697,369.898694256491,371.1,371.830278804888,372.2
2018,7,251.323,252.006,257.848,257.867,370.189322521256,371.1,372.265485404692,372.4
2018,8,251.749,252.146,258.028,258.012,370.612089783412,371.3,372.523322472739,372.6
2018,9,252.239,252.439,258.505,258.429,371.190047418654,371.8,373.22899399138,373.2
2018,10,252.862,252.885,258.997,259.063,372.190347159845,372.4,373.935307784876,374.1
2018,11,252.657,252.038,259.455,259.105,372.119128844434,371.2,374.626565169537,374.2
2018,12,252.551,251.233,259.934,259.083,372.055831501998,370,375.432817195821,374.2
2019,1,252.47,251.712,260.534,260.122,372.189849693909,370.7,376.372375813452,375.7
2019,2,253.135,252.776,260.885,261.114,372.95845706593,372.2,376.979848770685,377.1
2019,3,254.273,254.202,261.382,261.836,374.183904451153,374.3,377.801341833899,378.1
2019,4,255.163,255.548,261.958,262.332,375.737780308618,376.3,378.210521243179,378.8
2019,5,255.325,256.092,262.321,262.59,376.174670344817,377.1,378.7106077659,379.2
2019,6,255.361,256.143,262.945,263.177,375.990456599166,377.2,379.626464004985,380
2019,7,255.9,256.571,263.491,263.566,376.864847645848,377.8,380.34749649703,380.6
2019,8,256.179,256.558,264.135,264.169,377.099206254084,377.8,381.305708567864,381.5
2019,9,256.596,256.759,264.588,264.522,377.493231711045,378.1,382.006402474359,382
2019,10,257.305,257.346,265.019,265.059,378.781462668266,379,382.632454265889,382.8
2019,11,257.788,257.208,265.461,265.108,379.722208420421,378.8,383.318808437502,382.9
2019,12,258.263,256.974,265.742,264.935,380.577531673696,378.5,383.841164464537,382.6
2020,1,258.682,257.971,266.418,266.004,381.40296121721,379.9,384.901355985678,384.2
2020,2,259.007,258.678,267.083,267.268,381.758019066852,381,385.936413698379,386
2020,3,258.165,258.115,266.916,267.312,379.986003845377,380.1,385.820591540761,386
2020,4,256.094,256.389,265.771,266.089,377.06347498729,377.6,383.739587291917,384.3
2020,5,255.944,256.394,265.606,265.799,376.702500406288,377.6,383.413532155494,383.9
2020,6,257.217,257.797,266.088,266.302,378.489650608042,379.7,384.200288400229,384.6
2020,7,258.543,259.101,267.552,267.703,380.64705064403,381.6,386.22500665397,386.6
2020,8,259.58,259.918,268.662,268.756,382.088078798968,382.8,387.808077456203,388.1
2020,9,260.19,260.28,269.152,269.054,382.697045664394,383.3,388.511152950403,388.5
2020,10,260.352,260.388,269.332,269.328,383.280410692642,383.5,388.745781466491,388.9
2020,11,260.721,260.229,269.816,269.473,384.127967650419,383.2,389.52382592679,389.1
2020,12,261.564,260.474,269.984,269.226,385.2052427497563,383.6,389.89465801965633,388.8
2021,1,262.2,261.582,270.114,269.755,386.1418798037424,385.23175134562376,390.082396202447,389.56394998997126
2021,2,263.346,263.014,270.522,270.696,387.8295937406421,387.34065741686317,390.67160526843617,390.9228856054022
2021,3,265.028,264.877,271.347,271.713,390.30667475448615,390.0842970891529,391.8630206592231,392.39157585077226
2021,4,266.727,267.054,273.669,273.968,392.80879166442725,393.2903644893541,395.21631343183793,395.6481112522565
2021,5,268.599,269.195,275.715,275.893,395.5656856346508,396.44341469782023,398.1710236009895,398.4280804974259
2021,6,270.955,271.696,277.922,278.218,399.0353662937569,400.1266368236371,401.35824028882803,401.7857056896437
2021,7,272.184,273.003,278.794,279.146,400.8453143116013,402.05145542357405,402.61753025339306,403.1258674867955
2021,8,273.092,273.567,279.306,279.507,402.1825257031413,402.88205809409016,403.3569298656148,403.6472019790065
2021,9,274.214,274.31,280.017,279.884,403.8348948455509,403.9762740235111,404.3837133114929,404.1916427090994
2021,10,276.59,276.589,281.705,281.617,407.3340295000653,407.3325568002949,406.8214214080363,406.69433709968575
2021,11,278.524,277.948,283.179,282.754,410.1822308560549,409.33395578829374,408.95008357290897,408.3363241291703
2021,12,280.126,278.802,284.77,283.908,412.54149588826533,410.5916413922312,411.24771010229324,410.0028615364044
2022,1,281.933,281.148,286.431,285.996,415.2026643734116,414.0465950536331,413.6464264224109,413.018225579996
2022,2,284.182,283.716,287.878,288.059,418.5147661570829,417.82848806406787,415.7360968108579,415.99748612689723
2022,3,287.708,287.504,288.811,289.305,423.70750554757876,423.40707479441335,417.0834793073478,417.79688440195235
2022,4,288.663,289.109,290.455,290.846,425.11393382832847,425.7707579259351,419.4576452497159,420.02230393795554
2022,5,291.474,292.296,292.289,292.506,429.2536928829749,430.464252094259,422.10619776693187,422.4195761182055
